Question,Answer,Complexity,Category,Prediction Vector,Outcome Vector,Answer Relevance Vector,Prediction KG,Outcome KG,Answer Relevance KG
When was AAR founded?,AAR was founded in 1951.,Moderate,General,AAR was founded in 1951.,1,High Relevance,More detailed response,1,High Relevance
What was the purpose of the INL/A Worldwide Aviation Support Services contract?,The purpose of the INL/A Worldwide Aviation Support Services contract was to provide support services for the U.S. Department of State.,Moderate,Operations & Services,"Related, but slightly off",0,Medium Relevance,The purpose of the INL/A Worldwide Aviation Support Services contract was to provide support services for the U.S. Department of State.,1,High Relevance
What is the scope of the contract mentioned in the text?,The contract is for globally operating and maintaining the Department of State fleet of fixed- and rotary-wing aircraft.,Simple,Contracts & Agreements,The contract is for globally operating and maintaining the Department of State fleet of fixed- and rotary-wing aircraft.,1,High Relevance,"Sorry, I don't know the answer",0,Low Relevance
What services does the company provide under the U.S. Air Force Landing Gear Performance-Based Logistics One program?,"The company provides total supply chain management including purchasing, distribution, and inventory control to support all landing gear components for the U.S. Air Force's fleet.",Complex,Operations & Services,"Sorry, I don't know the answer",0,Low Relevance,"The company provides total supply chain management including purchasing, distribution, and inventory control to support all landing gear components for the U.S. Air Force's fleet.",1,High Relevance
What type of aircraft does Force have in its fleet?,"C-130, KC-135, and E-3 aircraft.",Simple,Operations & Services,"C-130, KC-135, and E-3 aircraft.",1,High Relevance,"Sorry, I don't know the answer",0,Low Relevance
How much money has been returned to shareholders over the past three years?,$74.2 million,Complex,General,"Partial match, lacks depth",0,Low Relevance,$74.2 million,1,High Relevance
"What percentage of sales did the Aviation Services segment account for in fiscal years 2019, 2018, and 2017?",Approximately 95%,Complex,Operations & Services,"Sorry, I don't know the answer",0,Low Relevance,Approximately 95%,1,High Relevance
What are the primary methods of conducting business for AAR?,"The primary methods of conducting business for AAR are through AAR Supply Chain, Inc.; AAR Government Services, Inc.; AAR Aircraft & Engine Sales & Leasing, Inc.; AAR Aircraft Services, Inc.; AAR Allen Services, Inc.; AAR Landing Gear LLC; AAR Airlift Group, Inc.; and AAR International, Inc.",Simple,General,"The primary methods of conducting business for AAR are through AAR Supply Chain, Inc.; AAR Government Services, Inc.; AAR Aircraft & Engine Sales & Leasing, Inc.; AAR Aircraft Services, Inc.; AAR Allen Services, Inc.; AAR Landing Gear LLC; AAR Airlift Group, Inc.; and AAR International, Inc.",1,High Relevance,"The primary methods of conducting business for AAR are through AAR Supply Chain, Inc.; AAR Government Services, Inc.; AAR Aircraft & Engine Sales & Leasing, Inc.; AAR Aircraft Services, Inc.; AAR Allen Services, Inc.; AAR Landing Gear LLC; AAR Airlift Group, Inc.; and AAR International, Inc.",1,High Relevance
What types of services are provided under the programs for aviation and government customers?,"The types of services provided include material planning, sourcing, flight hour component inventory and repair programs, warranty claim management, and outsourcing programs for engine and airframe parts and components.",Simple,Operations & Services,"The types of services provided include material planning, sourcing, flight hour component inventory and repair programs, warranty claim management, and outsourcing programs for engine and airframe parts and components.",1,High Relevance,"Sorry, I don't know the answer",0,Low Relevance
What services does the company provide under the INL/A WASS contract?,The company provides fleet management and operations of customer-owned aircraft.,Complex,Operations & Services,"Sorry, I don't know the answer",0,Low Relevance,The company provides fleet management and operations of customer-owned aircraft.,1,High Relevance
What types of services are provided under the performance-based supply chain logistics programs?,"The types of services provided under these programs include material planning, sourcing, and logistics.",Moderate,Operations & Services,"Related, but slightly off",0,Medium Relevance,"The types of services provided under these programs include material planning, sourcing, and logistics.",1,High Relevance
What services does the company provide?,"The company provides logistics, information and program management, airframe maintenance and maintenance planning, and component repair and overhaul.",Complex,Operations & Services,"Sorry, I don't know the answer",0,Low Relevance,"The company provides logistics, information and program management, airframe maintenance and maintenance planning, and component repair and overhaul.",1,High Relevance
What types of aircraft do we repair and overhaul?,"We repair and overhaul various components, landing gears, wheels, and brakes for commercial and military aircraft.",Complex,Operations & Services,"Sorry, I don't know the answer",0,Low Relevance,"We repair and overhaul various components, landing gears, wheels, and brakes for commercial and military aircraft.",1,High Relevance
Where are the U.S. airframe maintenance facilities located?,"Indianapolis, Indiana; Oklahoma City, Oklahoma; Duluth, Minnesota; Miami, Florida; and Rockford, Illinois",Moderate,General,"Indianapolis, Indiana; Oklahoma City, Oklahoma; Duluth, Minnesota; Miami, Florida; and Rockford, Illinois",1,High Relevance,More detailed response,1,High Relevance
What is the expected completion date for the airframe maintenance facility in India?,The facility construction is expected to be completed in fiscal 2020.,Moderate,Operations & Services,"Related, but slightly off",0,Medium Relevance,The facility construction is expected to be completed in fiscal 2020.,1,High Relevance
What are three types of contracts mentioned in the text?,"The three types of contracts mentioned in the text are firm fixed-price contracts, cost plus fixed fee contracts, and time-and-materials contracts.",Moderate,Contracts & Agreements,"Related, but slightly off",0,Medium Relevance,"The three types of contracts mentioned in the text are firm fixed-price contracts, cost plus fixed fee contracts, and time-and-materials contracts.",1,High Relevance
Who does the company acquire aviation parts and components from?,"The company acquires aviation parts and components from domestic and foreign airlines, independent aviation service companies, aircraft leasing companies, and OEMs.",Moderate,General,"The company acquires aviation parts and components from domestic and foreign airlines, independent aviation service companies, aircraft leasing companies, and OEMs.",1,High Relevance,More detailed response,1,High Relevance
What do the OEM arrangements provide the company access to?,"The OEM arrangements provide the company access to parts, repair manuals, and service bulletins.",Complex,General,"Partial match, lacks depth",0,Low Relevance,"The OEM arrangements provide the company access to parts, repair manuals, and service bulletins.",1,High Relevance
What is the Expeditionary Services segment primarily composed of?,The Expeditionary Services segment primarily consists of businesses that provide products and services supporting the movement of equipment and personnel by the U.S. and foreign governments and non-governmental organizations.,Simple,Operations & Services,The Expeditionary Services segment primarily consists of businesses that provide products and services supporting the movement of equipment and personnel by the U.S. and foreign governments and non-governmental organizations.,1,High Relevance,"Sorry, I don't know the answer",0,Low Relevance
"What types of products does the company design, manufacture, and repair?","The company designs, manufactures, and repairs transportation pallets, containers, and shelters.",Simple,General,"The company designs, manufactures, and repairs transportation pallets, containers, and shelters.",1,High Relevance,"The company designs, manufactures, and repairs transportation pallets, containers, and shelters.",1,High Relevance
What are some of the requirements that are included in the shelters?,"Some of the requirements included in the shelters are armories, supply and parts storage, refrigeration systems, tactical operation centers, briefing rooms, laundry and kitchen facilities, water treatment, and sleeping quarters.",Moderate,General,"Some of the requirements included in the shelters are armories, supply and parts storage, refrigeration systems, tactical operation centers, briefing rooms, laundry and kitchen facilities, water treatment, and sleeping quarters.",1,High Relevance,More detailed response,1,High Relevance
What types of contracts are generally used for government sales of advanced composite materials for aircraft?,"The types of contracts generally used for government sales of advanced composite materials for aircraft include firm fixed-price contracts, cost plus fixed fee contracts, and time-and-materials contracts.",Moderate,Operations & Services,"Related, but slightly off",0,Medium Relevance,"The types of contracts generally used for government sales of advanced composite materials for aircraft include firm fixed-price contracts, cost plus fixed fee contracts, and time-and-materials contracts.",1,High Relevance
What percentage of fiscal 2019 sales did the company generate from the sale of products?,Approximately 55%,Simple,General,Approximately 55%,1,High Relevance,Approximately 55%,1,High Relevance
What are some of the raw materials purchased for manufacturing operations?,"Steel, aluminum, extrusions, balsa, and other necessary supplies",Complex,Operations & Services,"Sorry, I don't know the answer",0,Low Relevance,"Steel, aluminum, extrusions, balsa, and other necessary supplies",1,High Relevance
What are the standard payment terms for the company's products and services?,The standard payment terms are 30 days.,Simple,Operations & Services,The standard payment terms are 30 days.,1,High Relevance,"Sorry, I don't know the answer",0,Low Relevance
Who are the principal customers for the company's products and services in the Aviation Services segment?,"The principal customers are domestic and foreign passenger airlines, domestic and foreign cargo airlines, regional and commuter airlines.",Simple,Operations & Services,"The principal customers are domestic and foreign passenger airlines, domestic and foreign cargo airlines, regional and commuter airlines.",1,High Relevance,"Sorry, I don't know the answer",0,Low Relevance
Who are some of the customers in the aviation industry?,"The customers in the aviation industry include commuter airlines, business and general aviation operators, OEMs, aircraft leasing companies, aftermarket aviation support companies, the DoD and its contractors, the DoS, and foreign military organizations or governments.",Moderate,General,"The customers in the aviation industry include commuter airlines, business and general aviation operators, OEMs, aircraft leasing companies, aftermarket aviation support companies, the DoD and its contractors, the DoS, and foreign military organizations or governments.",1,High Relevance,More detailed response,1,High Relevance
What factors generally affect sales of aviation products and services to commercial airline customers?,"Factors such as the number, type and average age of aircraft in service, levels of aircraft utilization, number of airline operators, general economy, and level of sales of new and used aircraft generally affect sales of aviation products and services to commercial airline customers.",Simple,Operations & Services,"Factors such as the number, type and average age of aircraft in service, levels of aircraft utilization, number of airline operators, general economy, and level of sales of new and used aircraft generally affect sales of aviation products and services to commercial airline customers.",1,High Relevance,"Sorry, I don't know the answer",0,Low Relevance
What are some factors that can affect other government agencies?,"Some factors that can affect other government agencies include the level of troop deployment worldwide, government funding, competitive bidding, and requirements generated by worldwide geopolitical events.",Complex,General,"Partial match, lacks depth",0,Low Relevance,"Some factors that can affect other government agencies include the level of troop deployment worldwide, government funding, competitive bidding, and requirements generated by worldwide geopolitical events.",1,High Relevance
What percentage of consolidated sales in fiscal 2019 came from sales to global government and defense customers?,33.00%,Moderate,General,33.00%,1,High Relevance,More detailed response,1,High Relevance
What were the sales to government and defense customers in fiscal 2019?,$546.2 million,Complex,General,"Partial match, lacks depth",0,Low Relevance,$546.2 million,1,High Relevance
What is the main concern regarding the continuation of sales mentioned in the text?,The main concern is that sales may not continue at levels previously experienced due to competitive bidding and government funding.,Complex,General,"Partial match, lacks depth",0,Low Relevance,The main concern is that sales may not continue at levels previously experienced due to competitive bidding and government funding.,1,High Relevance
Who regulates the manufacture and repair in the aviation industry?,The Federal Aviation Administration (FAA),Moderate,General,The Federal Aviation Administration (FAA),1,High Relevance,More detailed response,1,High Relevance
"Who is responsible for the inspection, maintenance, and repair of aircraft and aircraft parts in the United States?",Certified repair facilities utilizing certified technicians,Complex,Operations & Services,"Sorry, I don't know the answer",0,Low Relevance,Certified repair facilities utilizing certified technicians,1,High Relevance
"What is the purpose of performing maintenance routines on aircraft engines, engine parts, and airframes?",The purpose is to ensure the proper functioning and safety of the aircraft.,Simple,Operations & Services,The purpose is to ensure the proper functioning and safety of the aircraft.,1,High Relevance,"Sorry, I don't know the answer",0,Low Relevance
"What are the requirements for performing authorized maintenance, repair, and overhaul services?","Certificates from the FAA, EASA, and TCCA are required.",Simple,Operations & Services,"Certificates from the FAA, EASA, and TCCA are required.",1,High Relevance,"Sorry, I don't know the answer",0,Low Relevance
How many FAA certificated repair stations are there?,There are 13 FAA certificated repair stations.,Simple,General,There are 13 FAA certificated repair stations.,1,High Relevance,There are 13 FAA certificated repair stations.,1,High Relevance
What are the factors that competition is based on in each of our markets?,"Competition in each of our markets is based on quality, ability to provide a broad range of products and services, speed of delivery, and price.",Moderate,General,"Competition in each of our markets is based on quality, ability to provide a broad range of products and services, speed of delivery, and price.",1,High Relevance,More detailed response,1,High Relevance
Who are the competitors in our Aviation Services segment?,"The competitors in our Aviation Services segment include OEMs, the service divisions of large commercial airlines, and other independent suppliers of parts, repair, and overhaul services to the commercial and defense markets.",Simple,Operations & Services,"The competitors in our Aviation Services segment include OEMs, the service divisions of large commercial airlines, and other independent suppliers of parts, repair, and overhaul services to the commercial and defense markets.",1,High Relevance,"Sorry, I don't know the answer",0,Low Relevance
How has the company maintained a satisfactory competitive position?,"The company has maintained a satisfactory competitive position through responsiveness to customer needs, attention to quality, and a unique combination of market expertise and technical and financial capabilities.",Simple,General,"The company has maintained a satisfactory competitive position through responsiveness to customer needs, attention to quality, and a unique combination of market expertise and technical and financial capabilities.",1,High Relevance,"The company has maintained a satisfactory competitive position through responsiveness to customer needs, attention to quality, and a unique combination of market expertise and technical and financial capabilities.",1,High Relevance
"As of May 31, 2019, how much was the backlog for unshipped orders or signed contracts?",The backlog for unshipped orders or signed contracts was approximately $1.5 billion.,Complex,Contracts & Agreements,"Sorry, I don't know the answer",0,Low Relevance,The backlog for unshipped orders or signed contracts was approximately $1.5 billion.,1,High Relevance
Where can additional information about the company's business segments be found?,"Item 7, 'Management's Discussion and Analysis of Financial Condition and Results of Operations' and 'Business Segment Information' in Note 13 of Notes to Consolidated",Simple,General,"Item 7, 'Management's Discussion and Analysis of Financial Condition and Results of Operations' and 'Business Segment Information' in Note 13 of Notes to Consolidated",1,High Relevance,"Item 7, 'Management's Discussion and Analysis of Financial Condition and Results of Operations' and 'Business Segment Information' in Note 13 of Notes to Consolidated",1,High Relevance
Where can you find AAR Corp's annual report and other financial reports?,"AAR Corp's annual report and other financial reports can be found on their website, www.aarcorp.com.",Complex,Financial Performance & Metrics,"Sorry, I don't know the answer",0,Low Relevance,"AAR Corp's annual report and other financial reports can be found on their website, www.aarcorp.com.",1,High Relevance
What is a part of this report?,Information contained on our web site is not a part of this report.,Simple,General,Information contained on our web site is not a part of this report.,1,High Relevance,Information contained on our web site is not a part of this report.,1,High Relevance
What factors have historically negatively affected the commercial aviation industry?,"Geopolitical events, high fuel and oil prices, lack of capital, and weak economic conditions",Simple,General,"Geopolitical events, high fuel and oil prices, lack of capital, and weak economic conditions",1,High Relevance,"Geopolitical events, high fuel and oil prices, lack of capital, and weak economic conditions",1,High Relevance
What factors may lead airlines to reduce capacity?,Instability in the global financial markets and tight credit markets,Moderate,General,Instability in the global financial markets and tight credit markets,1,High Relevance,More detailed response,1,High Relevance
What are some factors that can result in reduced demand for parts support and maintenance activities for aircraft?,"Operating a fleet of aircraft both in the U.S. and abroad, as well as tight credit conditions and a deteriorating airline environment.",Simple,Operations & Services,"Operating a fleet of aircraft both in the U.S. and abroad, as well as tight credit conditions and a deteriorating airline environment.",1,High Relevance,"Sorry, I don't know the answer",0,Low Relevance
What are some factors that may adversely impact the company's financial condition or results of operations?,"Reduced demand from customers caused by weak economic conditions, including tight credit conditions and customer bankruptcies",Complex,Operations & Services,"Sorry, I don't know the answer",0,Low Relevance,"Reduced demand from customers caused by weak economic conditions, including tight credit conditions and customer bankruptcies",1,High Relevance
What are some factors that can impact the aviation industry?,"Some factors that can impact the aviation industry include the deterioration in the financial condition of existing and potential customers, reductions in the need for aircraft maintenance and repair services, retirement of older generation aircraft, reductions in demand for used aircraft and engines, and increased competition.",Complex,General,"Partial match, lacks depth",0,Low Relevance,"Some factors that can impact the aviation industry include the deterioration in the financial condition of existing and potential customers, reductions in the need for aircraft maintenance and repair services, retirement of older generation aircraft, reductions in demand for used aircraft and engines, and increased competition.",1,High Relevance
What are some factors that may have an adverse effect on the company's financial condition and results of operations?,"Increased in-house maintenance by airlines, lack of parts in the marketplace, acts of terrorism, future outbreaks of infectious diseases, and acts of God.",Moderate,Operations & Services,"Related, but slightly off",0,Medium Relevance,"Increased in-house maintenance by airlines, lack of parts in the marketplace, acts of terrorism, future outbreaks of infectious diseases, and acts of God.",1,High Relevance
What percentage of consolidated sales were contractors in fiscal 2019?,26.60%,Simple,Contracts & Agreements,26.60%,1,High Relevance,"Sorry, I don't know the answer",0,Low Relevance
What is the typical term length for agreements between the U.S. government and their contractors?,One year or less,Simple,Contracts & Agreements,One year or less,1,High Relevance,"Sorry, I don't know the answer",0,Low Relevance
What are some factors that affect U.S. government programs?,"Some factors that affect U.S. government programs include worldwide competition, competitive bidding, U.S. government funding, requirements generated by world events, and budgetary constraints.",Complex,General,"Partial match, lacks depth",0,Low Relevance,"Some factors that affect U.S. government programs include worldwide competition, competitive bidding, U.S. government funding, requirements generated by world events, and budgetary constraints.",1,High Relevance
What is the federal debt limit also known as?,The debt ceiling,Complex,General,"Partial match, lacks depth",0,Low Relevance,The debt ceiling,1,High Relevance
What could be the impact of fiscal policy debates on defense spending?,The outcome of the fiscal policy debates could have a significant impact on defense spending.,Moderate,General,The outcome of the fiscal policy debates could have a significant impact on defense spending.,1,High Relevance,More detailed response,1,High Relevance
What could be the potential consequences of cuts mandated by sequestration or future procurement decisions?,"Reductions, cancellations, and/or delays of existing contracts or programs which could adversely affect the company's results of operations and financial condition.",Complex,General,"Partial match, lacks depth",0,Low Relevance,"Reductions, cancellations, and/or delays of existing contracts or programs which could adversely affect the company's results of operations and financial condition.",1,High Relevance
What are some laws and regulations relating to government contracts in the U.S.?,"Some laws and regulations relating to government contracts in the U.S. include the Federal Acquisition Regulations, Defense Federal Acquisition Regulations, the Truth in Negotiations Act, Cost Accounting Standards, and laws, regulations, and orders restricting the use and dissemination of classified information under the U.S. export control laws and the export of certain",Complex,Contracts & Agreements,"Sorry, I don't know the answer",0,Low Relevance,"Some laws and regulations relating to government contracts in the U.S. include the Federal Acquisition Regulations, Defense Federal Acquisition Regulations, the Truth in Negotiations Act, Cost Accounting Standards, and laws, regulations, and orders restricting the use and dissemination of classified information under the U.S. export control laws and the export of certain",1,High Relevance
What are some of the obligations and audits that the company is subject to?,"The company is subject to export restrictions, safeguarding of contractor information systems, U.S. government inquiries and investigations, and periodic audits of costs.",Complex,General,"Partial match, lacks depth",0,Low Relevance,"The company is subject to export restrictions, safeguarding of contractor information systems, U.S. government inquiries and investigations, and periodic audits of costs.",1,High Relevance
What happens to costs that are misclassified or inaccurately allocated to a specific contract?,They are not reimbursable and must be refunded if already reimbursed.,Complex,Contracts & Agreements,"Sorry, I don't know the answer",0,Low Relevance,They are not reimbursable and must be refunded if already reimbursed.,1,High Relevance
What could happen if there are inadequacies in the company's systems and policies?,"Payments could be withheld, penalties could be imposed, and future business could be reduced.",Complex,General,"Partial match, lacks depth",0,Low Relevance,"Payments could be withheld, penalties could be imposed, and future business could be reduced.",1,High Relevance
What are the potential consequences if a government inquiry or investigation uncovers improper or illegal activities?,We could be subject to civil or criminal penalties or administrative sanctions.,Complex,General,"Partial match, lacks depth",0,Low Relevance,We could be subject to civil or criminal penalties or administrative sanctions.,1,High Relevance
What are some potential consequences of sanctions for the company?,"Some potential consequences of sanctions for the company include contract termination, fines, forfeiture of fees, suspension of payment, and suspension or debarment from doing business with government agencies, any of which could materially adversely affect their reputation, business, financial condition, and results of operations.",Simple,General,"Some potential consequences of sanctions for the company include contract termination, fines, forfeiture of fees, suspension of payment, and suspension or debarment from doing business with government agencies, any of which could materially adversely affect their reputation, business, financial condition, and results of operations.",1,High Relevance,"Some potential consequences of sanctions for the company include contract termination, fines, forfeiture of fees, suspension of payment, and suspension or debarment from doing business with government agencies, any of which could materially adversely affect their reputation, business, financial condition, and results of operations.",1,High Relevance
"How are certain products and services sold to commercial, government, and defense customers?","They are sold under firm contracts providing for fixed unit prices, regardless of costs incurred by the company.",Simple,Operations & Services,"They are sold under firm contracts providing for fixed unit prices, regardless of costs incurred by the company.",1,High Relevance,"Sorry, I don't know the answer",0,Low Relevance
What potential risks are mentioned regarding pricing contracts?,Increased costs may result in cost overruns and losses on such contracts.,Complex,Contracts & Agreements,"Sorry, I don't know the answer",0,Low Relevance,Increased costs may result in cost overruns and losses on such contracts.,1,High Relevance
What factors are involved in the estimation process for the contract?,"The estimation process for the contract involves factors such as flight hours, component repair costs, labor hours and rates, and contract penalties and incentives.",Simple,Contracts & Agreements,"The estimation process for the contract involves factors such as flight hours, component repair costs, labor hours and rates, and contract penalties and incentives.",1,High Relevance,"Sorry, I don't know the answer",0,Low Relevance
What is recognized when there is a change in estimate?,Any adjustment as a result of a change in estimate is recognized as events become known.,Moderate,General,Any adjustment as a result of a change in estimate is recognized as events become known.,1,High Relevance,More detailed response,1,High Relevance
What could happen if subcontractors or suppliers fail to provide services or inventory on time?,Our contract profitability and ability to win new contracts may be adversely affected.,Complex,Operations & Services,"Sorry, I don't know the answer",0,Low Relevance,Our contract profitability and ability to win new contracts may be adversely affected.,1,High Relevance
What could happen if there are deficiencies in the performance of subcontractors and/or suppliers?,Liquidated damages or termination of the contract for default,Complex,Contracts & Agreements,"Sorry, I don't know the answer",0,Low Relevance,Liquidated damages or termination of the contract for default,1,High Relevance
What is the aviation industry highly regulated by in the United States?,The aviation industry is highly regulated by the FAA (Federal Aviation Administration).,Simple,General,The aviation industry is highly regulated by the FAA (Federal Aviation Administration).,1,High Relevance,The aviation industry is highly regulated by the FAA (Federal Aviation Administration).,1,High Relevance
What standards must accessory parts and components meet?,They must meet certain standards of airworthiness established by the FAA or the equivalent regulatory agencies in certain other countries.,Complex,General,"Partial match, lacks depth",0,Low Relevance,They must meet certain standards of airworthiness established by the FAA or the equivalent regulatory agencies in certain other countries.,1,High Relevance
What is the potential impact of new governmental regulations on the company?,"If enacted, the new regulations may have an adverse impact on the company.",Complex,General,"Partial match, lacks depth",0,Low Relevance,"If enacted, the new regulations may have an adverse impact on the company.",1,High Relevance
What factors affect the success of the airframe maintenance facilities?,"The success of the airframe maintenance facilities is affected by the demand for maintenance, which is driven by the number of aircraft operating and the extent of outsourcing of maintenance.",Simple,General,"The success of the airframe maintenance facilities is affected by the demand for maintenance, which is driven by the number of aircraft operating and the extent of outsourcing of maintenance.",1,High Relevance,"The success of the airframe maintenance facilities is affected by the demand for maintenance, which is driven by the number of aircraft operating and the extent of outsourcing of maintenance.",1,High Relevance
What are some challenges faced by airlines in terms of maintenance activities?,Certain airlines operate new fleet types and/or newer generation aircraft that may not have contractual arrangements for servicing or technicians trained to perform required maintenance activities.,Complex,General,"Partial match, lacks depth",0,Low Relevance,Certain airlines operate new fleet types and/or newer generation aircraft that may not have contractual arrangements for servicing or technicians trained to perform required maintenance activities.,1,High Relevance
What could adversely affect the company's operational and financial plans?,Declines in business,Simple,Operations & Services,Declines in business,1,High Relevance,"Sorry, I don't know the answer",0,Low Relevance
What could jeopardize the company's ability to operate successfully?,"If the company is unable to attract and retain a sufficient number of skilled personnel, including qualified licensed mechanics, or if there is a significant or prolonged work stoppage.",Moderate,General,"If the company is unable to attract and retain a sufficient number of skilled personnel, including qualified licensed mechanics, or if there is a significant or prolonged work stoppage.",1,High Relevance,More detailed response,1,High Relevance
What are some potential events that may adversely affect the company's results of operations and financial condition?,"Events such as labor disputes, supply interruptions, natural disasters, and changes in government regulations may adversely affect the company's results of operations and financial condition.",Complex,Operations & Services,"Sorry, I don't know the answer",0,Low Relevance,"Events such as labor disputes, supply interruptions, natural disasters, and changes in government regulations may adversely affect the company's results of operations and financial condition.",1,High Relevance
Who are some of the competitors in the aircraft industry?,"Competitors include aircraft manufacturers, aircraft component and parts manufacturers, airline and aircraft service companies, other companies providing maintenance, repair and overhaul services, other aircraft spare parts distributors and redistributors.",Moderate,Operations & Services,"Related, but slightly off",0,Medium Relevance,"Competitors include aircraft manufacturers, aircraft component and parts manufacturers, airline and aircraft service companies, other companies providing maintenance, repair and overhaul services, other aircraft spare parts distributors and redistributors.",1,High Relevance
What factors does the company believe are important for their ability to compete?,"Superior customer service and support, on-time delivery, sufficient inventory availability, competitive pricing, and effective quality assurance programs.",Simple,General,"Superior customer service and support, on-time delivery, sufficient inventory availability, competitive pricing, and effective quality assurance programs.",1,High Relevance,"Superior customer service and support, on-time delivery, sufficient inventory availability, competitive pricing, and effective quality assurance programs.",1,High Relevance
What are some alternative options that DoS may consider for certain work?,"DoS may turn to commercial contractors, utilize set asides, or determine to source work internally.",Simple,General,"DoS may turn to commercial contractors, utilize set asides, or determine to source work internally.",1,High Relevance,"DoS may turn to commercial contractors, utilize set asides, or determine to source work internally.",1,High Relevance
What are some potential impacts of bid protests on a company's operations and financials?,"Potential impacts of bid protests include contract modifications, loss of the contract award, delay in contract activity, and adverse effects on results of operations and financials.",Complex,Operations & Services,"Sorry, I don't know the answer",0,Low Relevance,"Potential impacts of bid protests include contract modifications, loss of the contract award, delay in contract activity, and adverse effects on results of operations and financials.",1,High Relevance
What risks is the company exposed to when operating internationally?,The company is exposed to risks associated with operating in politically unstable or conflict-affected foreign countries.,Moderate,General,The company is exposed to risks associated with operating in politically unstable or conflict-affected foreign countries.,1,High Relevance,More detailed response,1,High Relevance
What are some of the risks mentioned in the text?,"Some of the risks mentioned in the text include export regulations, compliance with anti-bribery and anti-corruption laws, burden and cost of compliance with foreign laws, contract award and funding delays, and potential restrictions on transfers.",Complex,General,"Partial match, lacks depth",0,Low Relevance,"Some of the risks mentioned in the text include export regulations, compliance with anti-bribery and anti-corruption laws, burden and cost of compliance with foreign laws, contract award and funding delays, and potential restrictions on transfers.",1,High Relevance
What are some factors that can impact international business operations?,"Factors that can impact international business operations include transfers of funds, import and export duties, foreign exchange risk, transportation delays, uncertainties arising from foreign local business practices and cultural considerations, and changes in trade policies.",Simple,Operations & Services,"Factors that can impact international business operations include transfers of funds, import and export duties, foreign exchange risk, transportation delays, uncertainties arising from foreign local business practices and cultural considerations, and changes in trade policies.",1,High Relevance,"Sorry, I don't know the answer",0,Low Relevance
What is the term used to refer to the UK's exit from the European Union?,Brexit,Complex,General,"Partial match, lacks depth",0,Low Relevance,Brexit,1,High Relevance
What risks does the company face when doing business internationally?,The risks of doing business internationally include increased regulatory complexities and unstable operating regions.,Complex,General,"Partial match, lacks depth",0,Low Relevance,The risks of doing business internationally include increased regulatory complexities and unstable operating regions.,1,High Relevance
What are some risks associated with acquisitions?,"Difficulties in integrating operations and personnel, effects of amortization of acquired intangible assets, and potential impairment of goodwill.",Moderate,General,"Difficulties in integrating operations and personnel, effects of amortization of acquired intangible assets, and potential impairment of goodwill.",1,High Relevance,More detailed response,1,High Relevance
What are some potential risks associated with acquisitions?,"Some potential risks associated with acquisitions include the loss of goodwill, the loss of key employees, diversion of management resources, and potential negative impact on existing business.",Complex,General,"Partial match, lacks depth",0,Low Relevance,"Some potential risks associated with acquisitions include the loss of goodwill, the loss of key employees, diversion of management resources, and potential negative impact on existing business.",1,High Relevance
"What are some of the factors that may affect the recoverability of rotable components, engines, and other assets?","Market values for aviation products fluctuate and we may be unable to recover costs incurred on engines, rotable components, and other aircraft parts.",Moderate,General,"Market values for aviation products fluctuate and we may be unable to recover costs incurred on engines, rotable components, and other aircraft parts.",1,High Relevance,More detailed response,1,High Relevance
"What are some of the assumptions considered when determining the recoverability of aircraft, engines, and other assets?","The assumptions considered include historical sales trends, current and expected usage trends, replacement values, current and expected lease rates, residual values, future demand, and future cash flows.",Simple,Operations & Services,"The assumptions considered include historical sales trends, current and expected usage trends, replacement values, current and expected lease rates, residual values, future demand, and future cash flows.",1,High Relevance,"Sorry, I don't know the answer",0,Low Relevance
What could happen if the carrying value of the assets needs to be reduced?,Impairment charges could result in adverse effects on the company's results of operations and financial condition.,Simple,General,Impairment charges could result in adverse effects on the company's results of operations and financial condition.,1,High Relevance,Impairment charges could result in adverse effects on the company's results of operations and financial condition.,1,High Relevance
What could require us to evaluate the recoverability of the carrying value of certain assets?,Losses in certain operations,Moderate,General,Losses in certain operations,1,High Relevance,More detailed response,1,High Relevance
What factors may cause a decline in the company's revenues?,Retirement of aircraft or engines for which they offer replacement parts or supply repair and overhaul services.,Complex,Financial Performance & Metrics,"Sorry, I don't know the answer",0,Low Relevance,Retirement of aircraft or engines for which they offer replacement parts or supply repair and overhaul services.,1,High Relevance
What factors are considered when determining the recoverability of assets?,"Trends, replacement values, current and expected lease rates, residual values, future demand, and future cash flows.",Complex,General,"Partial match, lacks depth",0,Low Relevance,"Trends, replacement values, current and expected lease rates, residual values, future demand, and future cash flows.",1,High Relevance
What is the potential consequence if the projected levels of operating results are not achieved?,It may be necessary to record an impairment charge to reduce the carrying value of goodwill and related intangible assets.,Simple,General,It may be necessary to record an impairment charge to reduce the carrying value of goodwill and related intangible assets.,1,High Relevance,It may be necessary to record an impairment charge to reduce the carrying value of goodwill and related intangible assets.,1,High Relevance
What could happen if a regulator were to terminate any of the repair certificates at the company's airframe maintenance or landing gear facilities?,The company might be required to record an impairment charge if they are unable to operate.,Moderate,General,The company might be required to record an impairment charge if they are unable to operate.,1,High Relevance,More detailed response,1,High Relevance
What factors may limit access to debt and equity capital markets?,"Various factors including the condition of overall credit markets, general economic factors, state of the aviation industry, financial performance, and credit ratings.",Simple,General,"Various factors including the condition of overall credit markets, general economic factors, state of the aviation industry, financial performance, and credit ratings.",1,High Relevance,"Various factors including the condition of overall credit markets, general economic factors, state of the aviation industry, financial performance, and credit ratings.",1,High Relevance
What is LIBOR?,"LIBOR is the London interbank offered rate, which is the basic rate of interest used in lending between banks on the London interbank market and is widely used as a reference for setting the interest rate on loans globally.",Moderate,General,"LIBOR is the London interbank offered rate, which is the basic rate of interest used in lending between banks on the London interbank market and is widely used as a reference for setting the interest rate on loans globally.",1,High Relevance,More detailed response,1,High Relevance
What is the current expectation regarding the future of LIBOR?,LIBOR is currently expected to phase out by the end of 2021.,Complex,General,"Partial match, lacks depth",0,Low Relevance,LIBOR is currently expected to phase out by the end of 2021.,1,High Relevance
What potential issue may arise due to changes in LIBOR?,Potential increases in interest rates on our borrowings.,Moderate,General,Potential increases in interest rates on our borrowings.,1,High Relevance,More detailed response,1,High Relevance
What are some potential consequences of failing to meet the financial covenants in our loan and debt agreements?,The consequences of failing to meet the financial covenants in our loan and debt agreements include default under these agreements and possible cross-default under other debt agreements.,Complex,Contracts & Agreements,"Sorry, I don't know the answer",0,Low Relevance,The consequences of failing to meet the financial covenants in our loan and debt agreements include default under these agreements and possible cross-default under other debt agreements.,1,High Relevance
